TARGET_CLASS,criterion,Coverage,Total_Goals,Covered_Goals,Total_Branches,Predicates,LineCoverage,BranchCoverage,OutputCoverage,BranchCoverageBitString,Size,Length,MutationScore
org.jfree.chart.ChartColor,LINE;BRANCH;EXCEPTION;WEAKMUTATION;OUTPUT;METHOD;METHODNOEXCEPTION;CBRANCH,0.8541666666666666,205,204,0,0,1.0,1.0,0.3333333333333333,11,3,3,0.1518324607329843
org.jfree.chart.ChartFactory,LINE;BRANCH;EXCEPTION;WEAKMUTATION;OUTPUT;METHOD;METHODNOEXCEPTION;CBRANCH,0.8692251252494694,2396,2009,190,95,0.9944029850746269,0.9255813953488372,0.44321329639889195,11111111111111111111111100111111111111111111111011011110111101101101111111111111111111111110110111101111011011011111111111111111111110111111111111111111111111111011111111111111111111111111111111111111111111111111111,147,493,0.11143131604226705
org.jfree.chart.ChartFactory,LINE;BRANCH;EXCEPTION;WEAKMUTATION;OUTPUT;METHOD;METHODNOEXCEPTION;CBRANCH,0.8678130215167079,2358,1963,170,85,0.9942528735632183,0.92,0.44321329639889195,11111111111111111111111111111001111111111111111111011011110111101101101111111111111111111111110110111101111011011011111111111111111111110111111111111111111111111111011111111111111111111111111111111111,138,439,0.12262357414448669
org.jfree.chart.ChartFactory,LINE;BRANCH;EXCEPTION;WEAKMUTATION;OUTPUT;METHOD;METHODNOEXCEPTION;CBRANCH,0.8723922747938898,2358,1956,172,86,0.9922630560928434,0.9207920792079208,0.44321329639889195,1111111111111111111111111111100111111111111111111101101111011110110110111111111111111111111111011011110111101101101111111111111111111111111111111111111111111111011111111111111111111111111111111111111101,133,429,0.12606635071090047
